Name,Experiments
low key,"mysterious cloaked figure in a neon-lit urban landscape, Neo-Noir, Fashion Photography"
Golden hour,"Blend of historical and futuristic attire, ancient warrior spirit, car's view"
Twilight,the Ferris wheel
sun irradiation,
daylight,
valley sunset,"studio ghibli, pink purple skies, valley sunset big sunset"
big sunset,"studio ghibli, pink purple skies, valley sunset big sunset"
" intense and dramatic lighting from above","photorealistic, An Onmyoji"
dramatic and golden hue,
high contrast,eliza's eyes
contrasting shadows,"Neo-Noir, Fashion Photography"
last rays of the sun casting long shadows and giving the scene a surreal glow,the Ferris wheel
Sunset glow,
elongated shadows,
"mystical, with dappled sunlight filtering through the canopy",
casting playful shadows that dance around,
"twilight, with the fading light casting long shadows and softening the edges",lone musician
contrast of light and shadow,
stark contrast between light and shadows,eliza's eyes
" bioluminescent plants casting a soft, ethereal glow on the paths and structures, contrasted by the harsher, artificial light emanating from the station itself",
the first light of dawn filters through stained glass windows,early morning scene inside a historic Catholic church
casting vibrant hues across the ancient stone architecture,early morning scene inside a historic Catholic church
"mix of the ethereal glow from the windows and the soft, ambient light of candles flickering at the altar and along the aisles",early morning scene inside a historic Catholic church
"soft, ethereal light of dawn",boatman
"subtle yet poignant, with the first light of dawn breaking through the mist, casting a soft, golden glow that illuminates the boatman and the river's surface",boatman
"mix of natural light filtering in from cracks above and strategically placed lanterns, casting a warm, inviting glow that highlights the textures of the books and the cave's interior",library
"natural, filtered through the water to create a dappled effect, highlighting the textures and colors of the coral and the ethereal quality of the scene",sunken shipwreck
"cast long shadows, adding depth and emphasizing the texture of the worn armor and the rugged terrain",ancient warrior spirit
"soft daylight filters through, casting a serene glow",
"diffused and gentle, highlights the textures of the cat's fur and the cozy fabrics surrounding it",
"Natural light streaming through a window, highlighting the dust particles in the air and creating a soft, warm ambiance",
"soft, warm lighting visible through the windows",An intricately designed treehouse
"Twilight, with the last rays of the sun casting a golden glow on the scene",An intricately designed treehouse
studio lighting casting shadows,"overly dramatic, studio lighting casting shadows, pinterest, magazine cover, overly dramatic"
"Light and shadow are distinct, and subtle stars float in the air, creating a dreamlike surreal atmosphere",A small ancient Black young woman walks
"dawn of day golden lighting ",
the sun shining,"Naïve Art, the sun shining on top of a lighthouse"
guy is just slightly visible due to dark shadows,Futuristic silhouette of a guy wearing high-end fashion
"The light from within is shining through the window ",A Instagram photo of woman in the window
very dark outside,
neon cold lighting,standing in a swimming pool
Sun Shining on her face Casting Shadows,very attractive classical elegant woman
Cinematic Lighting,very attractive classical elegant woman
Contrast Shading,very attractive classical elegant woman
Light Pattern,very attractive classical elegant woman
"just a little ray of light shining through ",
dusk,
early morning sunlight,a mysterious abandoned radio tower
"light streaming in through closed blinds ","a gumshoe detective, rough but handsome"
chiaroscuro,full-body shot of an astronaut